filename,label
captcha_0.png,5MYTpF
captcha_1.png,uMTPWU
captcha_10.png,BTRU8a
captcha_100.png,aKvB6a
captcha_101.png,CCVcdZ
captcha_102.png,K2dNrC
captcha_11.png,CbHNVM
captcha_12.png,BhuMBC
captcha_13.png,uMSZeh
captcha_14.png,WTkVTA
captcha_15.png,LMFZtF
captcha_16.png,aLEcmW
captcha_17.png,nPUy4T
captcha_18.png,4bCKWf
captcha_19.png,W64VeV
captcha_2.png,m2EAdA
captcha_20.png,tt5ZNs
captcha_21.png,nAUL3V
captcha_22.png,RVD4uH
captcha_23.png,V8kPd7
captcha_24.png,8HffzS
captcha_25.png,CPWmYP
captcha_26.png,TVbrHU
captcha_27.png,uffE2d
captcha_28.png,DTTBDS
captcha_29.png,zePDdc
captcha_3.png,5y7BnL
captcha_30.png,WWL3Cb
captcha_31.png,KLcWAs
captcha_32.png,2vWvKC
captcha_33.png,2f8EGs
captcha_34.png,M3Rem6
captcha_35.png,u5RGf8
captcha_36.png,7AL8Mu
captcha_37.png,6WC6Ld
captcha_38.png,hBacz3
captcha_39.png,P8VV7B
captcha_4.png,375LWW
captcha_40.png,WATcLT
captcha_41.png,bSLa2e
captcha_42.png,ke75Az
captcha_43.png,FPaucV
captcha_44.png,a2ycAd
captcha_45.png,cRGSza
captcha_46.png,ND8VHW
captcha_47.png,zeu8RG
captcha_48.png,Hdr6Ks
captcha_49.png,SRyn5h
captcha_5.png,ZHPPMT
captcha_50.png,P5Z5Su
captcha_51.png,CB2Wdz
captcha_52.png,4arTGk
captcha_53.png,8uZ5CN
captcha_54.png,tSKK76
captcha_55.png,6vtVap
captcha_56.png,yvG2kh
captcha_57.png,zWapvs
captcha_58.png,NuPbPs
captcha_59.png,BUpwTt
captcha_6.png,Dy5pAe
captcha_60.png,CKhPEU
captcha_61.png,pFkWnF
captcha_62.png,ZC6hc8
captcha_63.png,zdAytd
captcha_64.png,RPtZrZ
captcha_65.png,NMehD6
captcha_66.png,NLecPh
captcha_67.png,3NfDeN
captcha_68.png,khazEh
captcha_69.png,75zVym
captcha_7.png,fRNsnN
captcha_70.png,ArYBuA
captcha_71.png,YMU5U
captcha_72.png,CVup5T
captcha_73.png,vSnkmb
captcha_74.png,RR4uEf
captcha_75.png,rYEe6C
captcha_76.png,hDrY8h
captcha_77.png,uvPkbV
captcha_78.png,vA3rD2
captcha_79.png,5KSeUN
captcha_8.png,cyn6zS
captcha_80.png,fpb2uv
captcha_81.png,wSfhk7
captcha_82.png,WCdCfa
captcha_83.png,kVLuKk
captcha_84.png,HdaUpR
captcha_85.png,EDysde
captcha_86.png,bbTVWa
captcha_87.png,bGkRWE
captcha_88.png,2Wa6Cm
captcha_89.png,mLWbVf
captcha_9.png,bzpYEt
captcha_90.png,CBuANa
captcha_91.png,Nt87E6
captcha_92.png,yUak6Y
captcha_93.png,vKvMTz
captcha_94.png,AkbPaw
captcha_95.png,GGbbCC
captcha_96.png,5kS8vv
captcha_97.png,BDrSY8
captcha_98.png,KR4Sn7
captcha_99.png,PVS8fy
